{
	"info": {
		"_postman_id": "7a9f8896-c66b-4a58-8050-aab3d8d2be20",
		"name": "World_Needs_More_Food_Trucks",
		"schema": "https://schema.getpostman.com/json/collection/v2.1.0/collection.json",
		"_exporter_id": "23496646"
	},
	"item": [
		{
			"name": "Get all Facilities",
			"item": [
				{
					"name": "Get all Facilities API",
					"request": {
						"method": "GET",
						"header": [],
						"url": {
							"raw": "http://127.0.0.1:8000/api/facility/all/",
							"protocol": "http",
							"host": [
								"127",
								"0",
								"0",
								"1"
							],
							"port": "8000",
							"path": [
								"api",
								"facility",
								"all",
								""
							]
						}
					},
					"response": [
						{
							"name": "Get all Facilities",
							"originalRequest": {
								"method": "GET",
								"header": [],
								"url": {
									"raw": "http://127.0.0.1:8000/api/facility/all/?page=iu&size=5",
									"protocol": "http",
									"host": [
										"127",
										"0",
										"0",
										"1"
									],
									"port": "8000",
									"path": [
										"api",
										"facility",
										"all",
										""
									],
									"query": [
										{
											"key": "page",
											"value": "iu"
										},
										{
											"key": "size",
											"value": "5"
										}
									]
								}
							},
							"status": "Bad Request",
							"code": 400,
							"_postman_previewlanguage": "json",
							"header": [
								{
									"key": "Date",
									"value": "Thu, 09 May 2024 05:56:59 GMT"
								},
								{
									"key": "Server",
									"value": "WSGIServer/0.2 CPython/3.12.3"
								},
								{
									"key": "Content-Type",
									"value": "application/json"
								},
								{
									"key": "Vary",
									"value": "Accept, Cookie"
								},
								{
									"key": "Allow",
									"value": "GET, HEAD, OPTIONS"
								},
								{
									"key": "X-Frame-Options",
									"value": "DENY"
								},
								{
									"key": "Content-Length",
									"value": "44"
								},
								{
									"key": "X-Content-Type-Options",
									"value": "nosniff"
								},
								{
									"key": "Referrer-Policy",
									"value": "same-origin"
								},
								{
									"key": "Cross-Origin-Opener-Policy",
									"value": "same-origin"
								}
							],
							"cookie": [],
							"body": "{\n    \"error\": \"Please provide valid page number\"\n}"
						},
						{
							"name": "Get all Facilities",
							"originalRequest": {
								"method": "GET",
								"header": [],
								"url": {
									"raw": "http://127.0.0.1:8000/api/facility/all/?page=1&size=df",
									"protocol": "http",
									"host": [
										"127",
										"0",
										"0",
										"1"
									],
									"port": "8000",
									"path": [
										"api",
										"facility",
										"all",
										""
									],
									"query": [
										{
											"key": "page",
											"value": "1"
										},
										{
											"key": "size",
											"value": "df"
										}
									]
								}
							},
							"status": "Bad Request",
							"code": 400,
							"_postman_previewlanguage": "json",
							"header": [
								{
									"key": "Date",
									"value": "Thu, 09 May 2024 05:57:33 GMT"
								},
								{
									"key": "Server",
									"value": "WSGIServer/0.2 CPython/3.12.3"
								},
								{
									"key": "Content-Type",
									"value": "application/json"
								},
								{
									"key": "Vary",
									"value": "Accept, Cookie"
								},
								{
									"key": "Allow",
									"value": "GET, HEAD, OPTIONS"
								},
								{
									"key": "X-Frame-Options",
									"value": "DENY"
								},
								{
									"key": "Content-Length",
									"value": "42"
								},
								{
									"key": "X-Content-Type-Options",
									"value": "nosniff"
								},
								{
									"key": "Referrer-Policy",
									"value": "same-origin"
								},
								{
									"key": "Cross-Origin-Opener-Policy",
									"value": "same-origin"
								}
							],
							"cookie": [],
							"body": "{\n    \"error\": \"Please provide valid page size\"\n}"
						},
						{
							"name": "Get all Facilities",
							"originalRequest": {
								"method": "GET",
								"header": [],
								"url": {
									"raw": "http://127.0.0.1:8000/api/facility/all/?page=2&size=20",
									"protocol": "http",
									"host": [
										"127",
										"0",
										"0",
										"1"
									],
									"port": "8000",
									"path": [
										"api",
										"facility",
										"all",
										""
									],
									"query": [
										{
											"key": "page",
											"value": "2"
										},
										{
											"key": "size",
											"value": "20"
										}
									]
								}
							},
							"status": "OK",
							"code": 200,
							"_postman_previewlanguage": "json",
							"header": [
								{
									"key": "Date",
									"value": "Thu, 09 May 2024 05:58:07 GMT"
								},
								{
									"key": "Server",
									"value": "WSGIServer/0.2 CPython/3.12.3"
								},
								{
									"key": "Content-Type",
									"value": "application/json"
								},
								{
									"key": "Vary",
									"value": "Accept, Cookie"
								},
								{
									"key": "Allow",
									"value": "GET, HEAD, OPTIONS"
								},
								{
									"key": "X-Frame-Options",
									"value": "DENY"
								},
								{
									"key": "Content-Length",
									"value": "19384"
								},
								{
									"key": "X-Content-Type-Options",
									"value": "nosniff"
								},
								{
									"key": "Referrer-Policy",
									"value": "same-origin"
								},
								{
									"key": "Cross-Origin-Opener-Policy",
									"value": "same-origin"
								}
							],
							"cookie": [],
							"body": "{\n    \"previous\": \"http://127.0.0.1:8000/api/facility/all/?page=1&size=20\",\n    \"next\": \"http://127.0.0.1:8000/api/facility/all/?page=3&size=20\",\n    \"facility_available\": 481,\n    \"facilities\": [\n        {\n            \"id\": 21,\n            \"location_id\": 1587393,\n            \"applicant\": \"Truly Food & More\",\n            \"facility_type\": \"Truck\",\n            \"cnn\": 6148201,\n            \"location_description\": \"GENEVA AVE: PRAGUE ST to LINDA VISTA STPS (1500 - 1598) -- SOUTH --\",\n            \"address\": \"1500 GENEVA AVE\",\n            \"blocklot\": \"6418065\",\n            \"block\": \"6418\",\n            \"lot\": \"065\",\n            \"permit\": \"21MFF-00151\",\n            \"status\": \"REQUESTED\",\n            \"foodItems\": \"Latin Food: Tacos: Pupusas: Vegetables: Salad: Water: Sodas\",\n            \"x\": 6002948.585,\n            \"y\": 2087593.93,\n            \"latitude\": 37.712302604744416,\n            \"longitude\": -122.43164419037294,\n            \"schedule\": \"http://bsm.sfdpw.org/PermitsTracker/reports/report.aspx?title=schedule&report=rptSchedule&params=permit=21MFF-00151&ExportPDF=1&Filename=21MFF-00151_schedule.pdf\",\n            \"dayshours\": null,\n            \"noi_sent\": null,\n            \"approved\": null,\n            \"received\": 20211229,\n            \"prior_permit\": 0,\n            \"expiration_date\": \"11/15/2022 12:00:00 AM\",\n            \"location\": \"(37.712302604744416, -122.43164419037294)\",\n            \"fire_prevention_districts\": 9,\n            \"police_districts\": 7,\n            \"supervisor_districts\": 6,\n            \"zip_codes\": 28861,\n            \"neighborhoods_old\": 5\n        },\n        {\n            \"id\": 22,\n            \"location_id\": 1741555,\n            \"applicant\": \"Philz Coffee Truck\",\n            \"facility_type\": \"Truck\",\n            \"cnn\": 3528000,\n            \"location_description\": \"CALIFORNIA ST: SANSOME ST to LEIDESDORFF ST (400 - 448)\",\n            \"address\": \"401 CALIFORNIA ST\",\n            \"blocklot\": \"0260001\",\n            \"block\": \"0260\",\n            \"lot\": \"001\",\n            \"permit\": \"23MFF-00045\",\n            \"status\": \"APPROVED\",\n            \"foodItems\": \"Hot coffee: iced coffee: hot chocolate: tea: pastries\",\n            \"x\": 6012304.287,\n            \"y\": 2116717.605,\n            \"latitude\": 37.79279574157871,\n            \"longitude\": -122.40135328093122,\n            \"schedule\": \"http://bsm.sfdpw.org/PermitsTracker/reports/report.aspx?title=schedule&report=rptSchedule&params=permit=23MFF-00045&ExportPDF=1&Filename=23MFF-00045_schedule.pdf\",\n            \"dayshours\": null,\n            \"noi_sent\": null,\n            \"approved\": \"11/15/2023 12:00:00 AM\",\n            \"received\": 20231115,\n            \"prior_permit\": 0,\n            \"expiration_date\": \"11/15/2024 12:00:00 AM\",\n            \"location\": \"(37.79279574157871, -122.40135328093122)\",\n            \"fire_prevention_districts\": 4,\n            \"police_districts\": 1,\n            \"supervisor_districts\": 10,\n            \"zip_codes\": 28854,\n            \"neighborhoods_old\": 6\n        },\n        {\n            \"id\": 23,\n            \"location_id\": 1621287,\n            \"applicant\": \"Street Meet\",\n            \"facility_type\": \"Truck\",\n            \"cnn\": 13057001,\n            \"location_description\": \"VALENCIA ST: 14TH ST to ROSA PARKS LN (300 - 337)\",\n            \"address\": \"306 VALENCIA ST\",\n            \"blocklot\": \"3546001\",\n            \"block\": \"3546\",\n            \"lot\": \"001\",\n            \"permit\": \"22MFF-00033\",\n            \"status\": \"REQUESTED\",\n            \"foodItems\": \"Burritos: Tacos: Tortas: Quesadillas & Various Drinks.\",\n            \"x\": 6006013.135,\n            \"y\": 2107762.89,\n            \"latitude\": 37.767855269354264,\n            \"longitude\": -122.42248440416165,\n            \"schedule\": \"http://bsm.sfdpw.org/PermitsTracker/reports/report.aspx?title=schedule&report=rptSchedule&params=permit=22MFF-00033&ExportPDF=1&Filename=22MFF-00033_schedule.pdf\",\n            \"dayshours\": null,\n            \"noi_sent\": null,\n            \"approved\": \"09/06/2019 12:00:00 AM\",\n            \"received\": 20220602,\n            \"prior_permit\": 0,\n            \"expiration_date\": \"01/15/2021 12:00:00 AM\",\n            \"location\": \"(37.767855269354264, -122.42248440416165)\",\n            \"fire_prevention_districts\": 8,\n            \"police_districts\": 4,\n            \"supervisor_districts\": 5,\n            \"zip_codes\": 28853,\n            \"neighborhoods_old\": 19\n        },\n        {\n            \"id\": 24,\n            \"location_id\": 1738245,\n            \"applicant\": \"Zuri Food Facilities\",\n            \"facility_type\": \"Truck\",\n            \"cnn\": 3529000,\n            \"location_description\": \"CALIFORNIA ST: LEIDESDORFF ST to MONTGOMERY ST (449 - 499)\",\n            \"address\": \"475 CALIFORNIA ST\",\n            \"blocklot\": \"0260010\",\n            \"block\": \"0260\",\n            \"lot\": \"010\",\n            \"permit\": \"23MFF-00036\",\n            \"status\": \"APPROVED\",\n            \"foodItems\": \"Peruvian Food Served Hot\",\n            \"x\": 6012002.812,\n            \"y\": 2116560.078,\n            \"latitude\": 37.792346385148,\n            \"longitude\": -122.40238532279395,\n            \"schedule\": \"http://bsm.sfdpw.org/PermitsTracker/reports/report.aspx?title=schedule&report=rptSchedule&params=permit=23MFF-00036&ExportPDF=1&Filename=23MFF-00036_schedule.pdf\",\n            \"dayshours\": null,\n            \"noi_sent\": null,\n            \"approved\": \"11/15/2023 12:00:00 AM\",\n            \"received\": 20231103,\n            \"prior_permit\": 0,\n            \"expiration_date\": \"11/15/2024 12:00:00 AM\",\n            \"location\": \"(37.792346385148, -122.40238532279395)\",\n            \"fire_prevention_districts\": 4,\n            \"police_districts\": 1,\n            \"supervisor_districts\": 10,\n            \"zip_codes\": 28854,\n            \"neighborhoods_old\": 6\n        },\n        {\n            \"id\": 25,\n            \"location_id\": 1738240,\n            \"applicant\": \"Zuri Food Facilities\",\n            \"facility_type\": \"Truck\",\n            \"cnn\": 141000,\n            \"location_description\": \"02ND ST: STILLMAN ST to BRYANT ST (454 - 499)\",\n            \"address\": \"490 02ND ST\",\n            \"blocklot\": \"3763007\",\n            \"block\": \"3763\",\n            \"lot\": \"007\",\n            \"permit\": \"23MFF-00035\",\n            \"status\": \"APPROVED\",\n            \"foodItems\": \"Peruvian Food Served Hot\",\n            \"x\": 6014337.512,\n            \"y\": 2113125.58,\n            \"latitude\": 37.783046099749996,\n            \"longitude\": -122.39406659922962,\n            \"schedule\": \"http://bsm.sfdpw.org/PermitsTracker/reports/report.aspx?title=schedule&report=rptSchedule&params=permit=23MFF-00035&ExportPDF=1&Filename=23MFF-00035_schedule.pdf\",\n            \"dayshours\": null,\n            \"noi_sent\": null,\n            \"approved\": \"11/15/2023 12:00:00 AM\",\n            \"received\": 20231103,\n            \"prior_permit\": 0,\n            \"expiration_date\": \"11/15/2024 12:00:00 AM\",\n            \"location\": \"(37.783046099749996, -122.39406659922962)\",\n            \"fire_prevention_districts\": 6,\n            \"police_districts\": 2,\n            \"supervisor_districts\": 9,\n            \"zip_codes\": 28856,\n            \"neighborhoods_old\": 6\n        },\n        {\n            \"id\": 26,\n            \"location_id\": 1741512,\n            \"applicant\": \"La Jefa\",\n            \"facility_type\": \"Truck\",\n            \"cnn\": 2801102,\n            \"location_description\": \"BAY SHORE BLVD: WATERLOO ST to MARENGO ST (501 - 559) -- EAST --\",\n            \"address\": \"531 BAY SHORE BLVD\",\n            \"blocklot\": \"5607038\",\n            \"block\": \"5607\",\n            \"lot\": \"038\",\n            \"permit\": \"23MFF-00044\",\n            \"status\": \"REQUESTED\",\n            \"foodItems\": \"Tacos: burritos: quesadillas: tortas: nachos (refried beans: cheese sauce: salsa fresca): carnes (beef: chicken: marinated pork: fried pork): canned beans: rice: sodas: horchata drinks.\",\n            \"x\": 6010348.157,\n            \"y\": 2097065.717,\n            \"latitude\": 37.738726803987134,\n            \"longitude\": -122.40673602990493,\n            \"schedule\": \"http://bsm.sfdpw.org/PermitsTracker/reports/report.aspx?title=schedule&report=rptSchedule&params=permit=23MFF-00044&ExportPDF=1&Filename=23MFF-00044_schedule.pdf\",\n            \"dayshours\": null,\n            \"noi_sent\": null,\n            \"approved\": null,\n            \"received\": 20231115,\n            \"prior_permit\": 0,\n            \"expiration_date\": \"11/15/2024 12:00:00 AM\",\n            \"location\": \"(37.738726803987134, -122.40673602990493)\",\n            \"fire_prevention_districts\": 10,\n            \"police_districts\": 3,\n            \"supervisor_districts\": 8,\n            \"zip_codes\": 58,\n            \"neighborhoods_old\": 1\n        },\n        {\n            \"id\": 27,\n            \"location_id\": 1741556,\n            \"applicant\": \"Philz Coffee Truck\",\n            \"facility_type\": \"Truck\",\n            \"cnn\": 8701000,\n            \"location_description\": \"MARINA BLVD: LAGUNA ST to BEACH ST \\\\ BUCHANAN ST \\\\ LOWER FORT MASON ST (1 - 99)\",\n            \"address\": \"15 MARINA BLVD\",\n            \"blocklot\": \"0446002\",\n            \"block\": \"0446\",\n            \"lot\": \"002\",\n            \"permit\": \"23MFF-00045\",\n            \"status\": \"APPROVED\",\n            \"foodItems\": \"Hot coffee: iced coffee: hot chocolate: tea: pastries\",\n            \"x\": 6003247.31181,\n            \"y\": 2121194.21345,\n            \"latitude\": 37.80457786909011,\n            \"longitude\": -122.43301077434302,\n            \"schedule\": \"http://bsm.sfdpw.org/PermitsTracker/reports/report.aspx?title=schedule&report=rptSchedule&params=permit=23MFF-00045&ExportPDF=1&Filename=23MFF-00045_schedule.pdf\",\n            \"dayshours\": null,\n            \"noi_sent\": null,\n            \"approved\": \"11/15/2023 12:00:00 AM\",\n            \"received\": 20231115,\n            \"prior_permit\": 0,\n            \"expiration_date\": \"11/15/2024 12:00:00 AM\",\n            \"location\": \"(37.80457786909011, -122.43301077434302)\",\n            \"fire_prevention_districts\": 13,\n            \"police_districts\": 9,\n            \"supervisor_districts\": 1,\n            \"zip_codes\": 57,\n            \"neighborhoods_old\": 17\n        },\n        {\n            \"id\": 28,\n            \"location_id\": 1741554,\n            \"applicant\": \"Philz Coffee Truck\",\n            \"facility_type\": \"Truck\",\n            \"cnn\": 12323000,\n            \"location_description\": \"SUTTER ST: POWELL ST to MASON ST (500 - 599)\",\n            \"address\": \"556 SUTTER ST\",\n            \"blocklot\": \"0284009\",\n            \"block\": \"0284\",\n            \"lot\": \"009\",\n            \"permit\": \"23MFF-00045\",\n            \"status\": \"APPROVED\",\n            \"foodItems\": \"Hot coffee: iced coffee: hot chocolate: tea: pastries\",\n            \"x\": 6009899.062,\n            \"y\": 2115524.564,\n            \"latitude\": 37.789385451039095,\n            \"longitude\": -122.4095912604668,\n            \"schedule\": \"http://bsm.sfdpw.org/PermitsTracker/reports/report.aspx?title=schedule&report=rptSchedule&params=permit=23MFF-00045&ExportPDF=1&Filename=23MFF-00045_schedule.pdf\",\n            \"dayshours\": null,\n            \"noi_sent\": null,\n            \"approved\": \"11/15/2023 12:00:00 AM\",\n            \"received\": 20231115,\n            \"prior_permit\": 0,\n            \"expiration_date\": \"11/15/2024 12:00:00 AM\",\n            \"location\": \"(37.789385451039095, -122.4095912604668)\",\n            \"fire_prevention_districts\": 5,\n            \"police_districts\": 1,\n            \"supervisor_districts\": 10,\n            \"zip_codes\": 28857,\n            \"neighborhoods_old\": 21\n        },\n        {\n            \"id\": 29,\n            \"location_id\": 1738246,\n            \"applicant\": \"Zuri Food Facilities\",\n            \"facility_type\": \"Truck\",\n            \"cnn\": 12045000,\n            \"location_description\": \"SPEAR ST: MISSION ST to HOWARD ST (100 - 199)\",\n            \"address\": \"100 SPEAR ST\",\n            \"blocklot\": \"3717001\",\n            \"block\": \"3717\",\n            \"lot\": \"001\",\n            \"permit\": \"23MFF-00037\",\n            \"status\": \"APPROVED\",\n            \"foodItems\": \"Peruvian Food Served Hot\",\n            \"x\": 6014423.85,\n            \"y\": 2116439.642,\n            \"latitude\": 37.792150548481686,\n            \"longitude\": -122.39399997405945,\n            \"schedule\": \"http://bsm.sfdpw.org/PermitsTracker/reports/report.aspx?title=schedule&report=rptSchedule&params=permit=23MFF-00037&ExportPDF=1&Filename=23MFF-00037_schedule.pdf\",\n            \"dayshours\": null,\n            \"noi_sent\": null,\n            \"approved\": \"11/15/2023 12:00:00 AM\",\n            \"received\": 20231103,\n            \"prior_permit\": 0,\n            \"expiration_date\": \"11/15/2024 12:00:00 AM\",\n            \"location\": \"(37.792150548481686, -122.39399997405945)\",\n            \"fire_prevention_districts\": 12,\n            \"police_districts\": 2,\n            \"supervisor_districts\": 9,\n            \"zip_codes\": 28855,\n            \"neighborhoods_old\": 6\n        },\n        {\n            \"id\": 30,\n            \"location_id\": 1591840,\n            \"applicant\": \"Tacos Rodriguez\",\n            \"facility_type\": \"Truck\",\n            \"cnn\": 5331101,\n            \"location_description\": \"EVANS AVE: KEITH ST to MENDELL ST (1201 - 1399) -- SOUTH --\",\n            \"address\": \"1275 EVANS AVE\",\n            \"blocklot\": \"5237033\",\n            \"block\": \"5237\",\n            \"lot\": \"033\",\n            \"permit\": \"22MFF-00024\",\n            \"status\": \"SUSPEND\",\n            \"foodItems\": \"Tacos: burritos: quesadillas: soda & water\",\n            \"x\": 6017367.817,\n            \"y\": 2097063.665,\n            \"latitude\": 37.73911142974502,\n            \"longitude\": -122.38246497113636,\n            \"schedule\": \"http://bsm.sfdpw.org/PermitsTracker/reports/report.aspx?title=schedule&report=rptSchedule&params=permit=22MFF-00024&ExportPDF=1&Filename=22MFF-00024_schedule.pdf\",\n            \"dayshours\": null,\n            \"noi_sent\": null,\n            \"approved\": null,\n            \"received\": 20220126,\n            \"prior_permit\": 1,\n            \"expiration_date\": \"11/15/2022 12:00:00 AM\",\n            \"location\": \"(37.73911142974502, -122.38246497113636)\",\n            \"fire_prevention_districts\": 10,\n            \"police_districts\": 3,\n            \"supervisor_districts\": 8,\n            \"zip_codes\": 58,\n            \"neighborhoods_old\": 1\n        },\n        {\n            \"id\": 31,\n            \"location_id\": 1591842,\n            \"applicant\": \"Tacos Rodriguez\",\n            \"facility_type\": \"Truck\",\n            \"cnn\": 9794000,\n            \"location_description\": \"OAKDALE AVE: INDUSTRIAL ST \\\\ SELBY ST to TOLAND ST (2100 - 2199)\",\n            \"address\": \"2198 OAKDALE AVE\",\n            \"blocklot\": \"5590A008\",\n            \"block\": \"5590A\",\n            \"lot\": \"008\",\n            \"permit\": \"22MFF-00024\",\n            \"status\": \"SUSPEND\",\n            \"foodItems\": \"Tacos: burritos: quesadillas: soda & water\",\n            \"x\": 6011973.411,\n            \"y\": 2097858.615,\n            \"latitude\": 37.74099473500238,\n            \"longitude\": -122.4011723353864,\n            \"schedule\": \"http://bsm.sfdpw.org/PermitsTracker/reports/report.aspx?title=schedule&report=rptSchedule&params=permit=22MFF-00024&ExportPDF=1&Filename=22MFF-00024_schedule.pdf\",\n            \"dayshours\": null,\n            \"noi_sent\": null,\n            \"approved\": null,\n            \"received\": 20220126,\n            \"prior_permit\": 1,\n            \"expiration_date\": \"11/15/2022 12:00:00 AM\",\n            \"location\": \"(37.74099473500238, -122.4011723353864)\",\n            \"fire_prevention_districts\": 10,\n            \"police_districts\": 3,\n            \"supervisor_districts\": 8,\n            \"zip_codes\": 58,\n            \"neighborhoods_old\": 1\n        },\n        {\n            \"id\": 32,\n            \"location_id\": 1591841,\n            \"applicant\": \"Tacos Rodriguez\",\n            \"facility_type\": \"Truck\",\n            \"cnn\": 8958000,\n            \"location_description\": \"MENDELL ST: GALVEZ AVE to HUDSON AVE (600 - 699)\",\n            \"address\": \"600 MENDELL ST\",\n            \"blocklot\": \"5254037\",\n            \"block\": \"5254\",\n            \"lot\": \"037\",\n            \"permit\": \"22MFF-00024\",\n            \"status\": \"SUSPEND\",\n            \"foodItems\": \"Tacos: burritos: quesadillas: soda & water\",\n            \"x\": 6016207.357,\n            \"y\": 2097293.665,\n            \"latitude\": 37.73967879180792,\n            \"longitude\": -122.38649338455488,\n            \"schedule\": \"http://bsm.sfdpw.org/PermitsTracker/reports/report.aspx?title=schedule&report=rptSchedule&params=permit=22MFF-00024&ExportPDF=1&Filename=22MFF-00024_schedule.pdf\",\n            \"dayshours\": null,\n            \"noi_sent\": null,\n            \"approved\": null,\n            \"received\": 20220126,\n            \"prior_permit\": 1,\n            \"expiration_date\": \"11/15/2022 12:00:00 AM\",\n            \"location\": \"(37.73967879180792, -122.38649338455488)\",\n            \"fire_prevention_districts\": 10,\n            \"police_districts\": 3,\n            \"supervisor_districts\": 8,\n            \"zip_codes\": 58,\n            \"neighborhoods_old\": 1\n        },\n        {\n            \"id\": 33,\n            \"location_id\": 1729507,\n            \"applicant\": \"Senor Sisig\",\n            \"facility_type\": \"Truck\",\n            \"cnn\": 3525000,\n            \"location_description\": \"CALIFORNIA ST: DAVIS ST to FRONT ST (100 - 199)\",\n            \"address\": \"101 CALIFORNIA ST\",\n            \"blocklot\": \"0263011\",\n            \"block\": \"0263\",\n            \"lot\": \"011\",\n            \"permit\": \"23MFF-00009\",\n            \"status\": \"APPROVED\",\n            \"foodItems\": \"Senor Sisig: Filipino fusion food: tacos: burritos: nachos: rice plates. Various beverages.\",\n            \"x\": 6013245.668,\n            \"y\": 2116754.292,\n            \"latitude\": 37.792948952834664,\n            \"longitude\": -122.39809861316652,\n            \"schedule\": \"http://bsm.sfdpw.org/PermitsTracker/reports/report.aspx?title=schedule&report=rptSchedule&params=permit=23MFF-00009&ExportPDF=1&Filename=23MFF-00009_schedule.pdf\",\n            \"dayshours\": null,\n            \"noi_sent\": null,\n            \"approved\": \"10/03/2023 12:00:00 AM\",\n            \"received\": 20230926,\n            \"prior_permit\": 0,\n            \"expiration_date\": \"11/15/2024 12:00:00 AM\",\n            \"location\": \"(37.792948952834664, -122.39809861316652)\",\n            \"fire_prevention_districts\": 4,\n            \"police_districts\": 1,\n            \"supervisor_districts\": 10,\n            \"zip_codes\": 28860,\n            \"neighborhoods_old\": 6\n        },\n        {\n            \"id\": 34,\n            \"location_id\": 1729512,\n            \"applicant\": \"Senor Sisig\",\n            \"facility_type\": \"Truck\",\n            \"cnn\": 5170000,\n            \"location_description\": \"ELLIS ST: POWELL ST to CYRIL MAGNIN ST (100 - 148)\",\n            \"address\": \"120 ELLIS ST\",\n            \"blocklot\": \"0326005\",\n            \"block\": \"0326\",\n            \"lot\": \"005\",\n            \"permit\": \"23MFF-00010\",\n            \"status\": \"APPROVED\",\n            \"foodItems\": \"Filipino fusion food: taco: burrito: nachos: rice plates\",\n            \"x\": 6010286.046,\n            \"y\": 2114141.69,\n            \"latitude\": 37.78561008636915,\n            \"longitude\": -122.40815476434545,\n            \"schedule\": \"http://bsm.sfdpw.org/PermitsTracker/reports/report.aspx?title=schedule&report=rptSchedule&params=permit=23MFF-00010&ExportPDF=1&Filename=23MFF-00010_schedule.pdf\",\n            \"dayshours\": null,\n            \"noi_sent\": null,\n            \"approved\": \"10/03/2023 12:00:00 AM\",\n            \"received\": 20230926,\n            \"prior_permit\": 0,\n            \"expiration_date\": \"11/15/2024 12:00:00 AM\",\n            \"location\": \"(37.78561008636915, -122.40815476434545)\",\n            \"fire_prevention_districts\": 14,\n            \"police_districts\": 10,\n            \"supervisor_districts\": 10,\n            \"zip_codes\": 28852,\n            \"neighborhoods_old\": 36\n        },\n        {\n            \"id\": 35,\n            \"location_id\": 1735099,\n            \"applicant\": \"Think is Good Inc.\",\n            \"facility_type\": \"Truck\",\n            \"cnn\": 3528000,\n            \"location_description\": \"CALIFORNIA ST: SANSOME ST to LEIDESDORFF ST (400 - 448)\",\n            \"address\": \"430 CALIFORNIA ST\",\n            \"blocklot\": \"0239029\",\n            \"block\": \"0239\",\n            \"lot\": \"029\",\n            \"permit\": \"23MFF-00033\",\n            \"status\": \"REQUESTED\",\n            \"foodItems\": \"Lobster rolls: crab rolls: lobster burritos: crab burritos: chicken burritos: fish burritos: chicken burritos: poke bowls: soups: chips & soda.\",\n            \"x\": 6012181.836,\n            \"y\": 2116889.979,\n            \"latitude\": 37.793262206923096,\n            \"longitude\": -122.4017890913628,\n            \"schedule\": \"http://bsm.sfdpw.org/PermitsTracker/reports/report.aspx?title=schedule&report=rptSchedule&params=permit=23MFF-00033&ExportPDF=1&Filename=23MFF-00033_schedule.pdf\",\n            \"dayshours\": null,\n            \"noi_sent\": null,\n            \"approved\": null,\n            \"received\": 20231019,\n            \"prior_permit\": 0,\n            \"expiration_date\": \"11/15/2024 12:00:00 AM\",\n            \"location\": \"(37.793262206923096, -122.4017890913628)\",\n            \"fire_prevention_districts\": 4,\n            \"police_districts\": 1,\n            \"supervisor_districts\": 10,\n            \"zip_codes\": 28854,\n            \"neighborhoods_old\": 6\n        },\n        {\n            \"id\": 36,\n            \"location_id\": 1591839,\n            \"applicant\": \"Tacos Rodriguez\",\n            \"facility_type\": \"Truck\",\n            \"cnn\": 11542000,\n            \"location_description\": \"SANSOME ST: SUTTER ST to BUSH ST (1 - 99)\",\n            \"address\": \"1 SANSOME ST\",\n            \"blocklot\": \"0289003\",\n            \"block\": \"0289\",\n            \"lot\": \"003\",\n            \"permit\": \"22MFF-00024\",\n            \"status\": \"SUSPEND\",\n            \"foodItems\": \"Tacos: burritos: quesadillas: soda & water\",\n            \"x\": 6012406.465,\n            \"y\": 2115874.016,\n            \"latitude\": 37.790485146128,\n            \"longitude\": -122.40094044068951,\n            \"schedule\": \"http://bsm.sfdpw.org/PermitsTracker/reports/report.aspx?title=schedule&report=rptSchedule&params=permit=22MFF-00024&ExportPDF=1&Filename=22MFF-00024_schedule.pdf\",\n            \"dayshours\": null,\n            \"noi_sent\": null,\n            \"approved\": null,\n            \"received\": 20220126,\n            \"prior_permit\": 1,\n            \"expiration_date\": \"11/15/2022 12:00:00 AM\",\n            \"location\": \"(37.790485146128, -122.40094044068951)\",\n            \"fire_prevention_districts\": 4,\n            \"police_districts\": 1,\n            \"supervisor_districts\": 10,\n            \"zip_codes\": 28854,\n            \"neighborhoods_old\": 6\n        },\n        {\n            \"id\": 37,\n            \"location_id\": 1738247,\n            \"applicant\": \"Zuri Food Facilities\",\n            \"facility_type\": \"Truck\",\n            \"cnn\": 8722000,\n            \"location_description\": \"MARIPOSA ST: ARKANSAS ST to CAROLINA ST (1500 - 1699)\",\n            \"address\": \"1601 MARIPOSA ST\",\n            \"blocklot\": \"4006005\",\n            \"block\": \"4006\",\n            \"lot\": \"005\",\n            \"permit\": \"23MFF-00037\",\n            \"status\": \"APPROVED\",\n            \"foodItems\": \"Peruvian Food Served Hot\",\n            \"x\": null,\n            \"y\": null,\n            \"latitude\": 0,\n            \"longitude\": 0,\n            \"schedule\": \"http://bsm.sfdpw.org/PermitsTracker/reports/report.aspx?title=schedule&report=rptSchedule&params=permit=23MFF-00037&ExportPDF=1&Filename=23MFF-00037_schedule.pdf\",\n            \"dayshours\": null,\n            \"noi_sent\": null,\n            \"approved\": \"11/15/2023 12:00:00 AM\",\n            \"received\": 20231103,\n            \"prior_permit\": 0,\n            \"expiration_date\": \"11/15/2024 12:00:00 AM\",\n            \"location\": \"(0.0, 0.0)\",\n            \"fire_prevention_districts\": null,\n            \"police_districts\": null,\n            \"supervisor_districts\": null,\n            \"zip_codes\": null,\n            \"neighborhoods_old\": null\n        },\n        {\n            \"id\": 38,\n            \"location_id\": 1735100,\n            \"applicant\": \"Think is Good Inc.\",\n            \"facility_type\": \"Truck\",\n            \"cnn\": 9090000,\n            \"location_description\": \"MISSION ST: SHAW ALY to ANTHONY ST (543 - 586)\",\n            \"address\": \"560 MISSION ST\",\n            \"blocklot\": \"3708095\",\n            \"block\": \"3708\",\n            \"lot\": \"095\",\n            \"permit\": \"23MFF-00033\",\n            \"status\": \"REQUESTED\",\n            \"foodItems\": \"Lobster rolls: crab rolls: lobster burritos: crab burritos: chicken burritos: fish burritos: chicken burritos: poke bowls: soups: chips & soda.\",\n            \"x\": 6012851.27,\n            \"y\": 2115274.827,\n            \"latitude\": 37.78886471534304,\n            \"longitude\": -122.39935935136297,\n            \"schedule\": \"http://bsm.sfdpw.org/PermitsTracker/reports/report.aspx?title=schedule&report=rptSchedule&params=permit=23MFF-00033&ExportPDF=1&Filename=23MFF-00033_schedule.pdf\",\n            \"dayshours\": null,\n            \"noi_sent\": null,\n            \"approved\": null,\n            \"received\": 20231019,\n            \"prior_permit\": 0,\n            \"expiration_date\": \"11/15/2024 12:00:00 AM\",\n            \"location\": \"(37.78886471534304, -122.39935935136297)\",\n            \"fire_prevention_districts\": 12,\n            \"police_districts\": 2,\n            \"supervisor_districts\": 9,\n            \"zip_codes\": 28855,\n            \"neighborhoods_old\": 6\n        },\n        {\n            \"id\": 39,\n            \"location_id\": 1336741,\n            \"applicant\": \"Quan Catering\",\n            \"facility_type\": \"Truck\",\n            \"cnn\": 3376000,\n            \"location_description\": \"BURKE AVE: START: 1500-1599 BLOCK to 03RD ST (1500 - 1599)\",\n            \"address\": \"1575 BURKE AVE\",\n            \"blocklot\": \"5203043\",\n            \"block\": \"5203\",\n            \"lot\": \"043\",\n            \"permit\": \"19MFF-00055\",\n            \"status\": \"EXPIRED\",\n            \"foodItems\": \"Cold Truck: Soft drinks: cup cakes: potato chips: cookies: gum: sandwiches (hot & cold): peanuts: muffins: coff (hot & cold): water: juice: yoplait: milk: orange juice: sunflower seeds: can foods: burritos: buscuits: chimichangas: rice krispies\",\n            \"x\": 6016176.048,\n            \"y\": 2098933.04,\n            \"latitude\": 37.744178447375724,\n            \"longitude\": -122.38671592975922,\n            \"schedule\": \"http://bsm.sfdpw.org/PermitsTracker/reports/report.aspx?title=schedule&report=rptSchedule&params=permit=19MFF-00055&ExportPDF=1&Filename=19MFF-00055_schedule.pdf\",\n            \"dayshours\": null,\n            \"noi_sent\": null,\n            \"approved\": \"07/10/2019 12:00:00 AM\",\n            \"received\": 20190710,\n            \"prior_permit\": 1,\n            \"expiration_date\": \"01/15/2021 12:00:00 AM\",\n            \"location\": \"(37.744178447375724, -122.38671592975922)\",\n            \"fire_prevention_districts\": 10,\n            \"police_districts\": 3,\n            \"supervisor_districts\": 8,\n            \"zip_codes\": 58,\n            \"neighborhoods_old\": 1\n        },\n        {\n            \"id\": 40,\n            \"location_id\": 1337426,\n            \"applicant\": \"Liang Bai Ping\",\n            \"facility_type\": \"Truck\",\n            \"cnn\": 10215000,\n            \"location_description\": \"PALOU AVE: PALOU AVE to GRIFFITH ST (904 - 999)\",\n            \"address\": \"Assessors Block /Lot\",\n            \"blocklot\": null,\n            \"block\": null,\n            \"lot\": null,\n            \"permit\": \"19MFF-00079\",\n            \"status\": \"EXPIRED\",\n            \"foodItems\": \"Cold Truck: Pre-packaged sandwiches: snacks: fruit: various beverages\",\n            \"x\": null,\n            \"y\": null,\n            \"latitude\": 0,\n            \"longitude\": 0,\n            \"schedule\": \"http://bsm.sfdpw.org/PermitsTracker/reports/report.aspx?title=schedule&report=rptSchedule&params=permit=19MFF-00079&ExportPDF=1&Filename=19MFF-00079_schedule.pdf\",\n            \"dayshours\": null,\n            \"noi_sent\": null,\n            \"approved\": \"07/12/2019 12:00:00 AM\",\n            \"received\": 20190712,\n            \"prior_permit\": 1,\n            \"expiration_date\": \"01/15/2021 12:00:00 AM\",\n            \"location\": \"(0.0, 0.0)\",\n            \"fire_prevention_districts\": null,\n            \"police_districts\": null,\n            \"supervisor_districts\": null,\n            \"zip_codes\": null,\n            \"neighborhoods_old\": null\n        }\n    ]\n}"
						}
					]
				}
			]
		},
		{
			"name": "Get Near By Facility",
			"item": [
				{
					"name": "Get Near By Facility API",
					"protocolProfileBehavior": {
						"disableBodyPruning": true
					},
					"request": {
						"method": "GET",
						"header": [],
						"body": {
							"mode": "raw",
							"raw": "{\n    \"facility_type\": \"Truck\",\n    \"longitude\": \"-122.4925212449949\",\n    \"latitude\": \"37.72188970870838\",\n    \"facility_count\": \"40\"\n}",
							"options": {
								"raw": {
									"language": "json"
								}
							}
						},
						"url": {
							"raw": "http://127.0.0.1:8000/api/facility/nearby/",
							"protocol": "http",
							"host": [
								"127",
								"0",
								"0",
								"1"
							],
							"port": "8000",
							"path": [
								"api",
								"facility",
								"nearby",
								""
							]
						}
					},
					"response": [
						{
							"name": "Get Near By Facility API",
							"originalRequest": {
								"method": "GET",
								"header": [],
								"body": {
									"mode": "raw",
									"raw": "{\n    \"longitude\": \"-122.4925212449949\",\n    \"latitude\": \"37.72188970870838\",\n    \"facility_count\": \"40\"\n}",
									"options": {
										"raw": {
											"language": "json"
										}
									}
								},
								"url": {
									"raw": "http://127.0.0.1:8000/api/facility/nearby/",
									"protocol": "http",
									"host": [
										"127",
										"0",
										"0",
										"1"
									],
									"port": "8000",
									"path": [
										"api",
										"facility",
										"nearby",
										""
									]
								}
							},
							"status": "Bad Request",
							"code": 400,
							"_postman_previewlanguage": "json",
							"header": [
								{
									"key": "Date",
									"value": "Thu, 09 May 2024 05:58:49 GMT"
								},
								{
									"key": "Server",
									"value": "WSGIServer/0.2 CPython/3.12.3"
								},
								{
									"key": "Content-Type",
									"value": "application/json"
								},
								{
									"key": "Vary",
									"value": "Accept, Cookie"
								},
								{
									"key": "Allow",
									"value": "GET, HEAD, OPTIONS"
								},
								{
									"key": "X-Frame-Options",
									"value": "DENY"
								},
								{
									"key": "Content-Length",
									"value": "40"
								},
								{
									"key": "X-Content-Type-Options",
									"value": "nosniff"
								},
								{
									"key": "Referrer-Policy",
									"value": "same-origin"
								},
								{
									"key": "Cross-Origin-Opener-Policy",
									"value": "same-origin"
								}
							],
							"cookie": [],
							"body": "{\n    \"error\": \"Please provide facility_type\"\n}"
						},
						{
							"name": "Get Near By Facility API",
							"originalRequest": {
								"method": "GET",
								"header": [],
								"body": {
									"mode": "raw",
									"raw": "{\n    \"facility_type\": \"Truck\",\n    \"latitude\": \"37.72188970870838\",\n    \"facility_count\": \"40\"\n}",
									"options": {
										"raw": {
											"language": "json"
										}
									}
								},
								"url": {
									"raw": "http://127.0.0.1:8000/api/facility/nearby/",
									"protocol": "http",
									"host": [
										"127",
										"0",
										"0",
										"1"
									],
									"port": "8000",
									"path": [
										"api",
										"facility",
										"nearby",
										""
									]
								}
							},
							"status": "Bad Request",
							"code": 400,
							"_postman_previewlanguage": "json",
							"header": [
								{
									"key": "Date",
									"value": "Thu, 09 May 2024 05:59:18 GMT"
								},
								{
									"key": "Server",
									"value": "WSGIServer/0.2 CPython/3.12.3"
								},
								{
									"key": "Content-Type",
									"value": "application/json"
								},
								{
									"key": "Vary",
									"value": "Accept, Cookie"
								},
								{
									"key": "Allow",
									"value": "GET, HEAD, OPTIONS"
								},
								{
									"key": "X-Frame-Options",
									"value": "DENY"
								},
								{
									"key": "Content-Length",
									"value": "36"
								},
								{
									"key": "X-Content-Type-Options",
									"value": "nosniff"
								},
								{
									"key": "Referrer-Policy",
									"value": "same-origin"
								},
								{
									"key": "Cross-Origin-Opener-Policy",
									"value": "same-origin"
								}
							],
							"cookie": [],
							"body": "{\n    \"error\": \"Please provide longitude\"\n}"
						},
						{
							"name": "Get Near By Facility API",
							"originalRequest": {
								"method": "GET",
								"header": [],
								"body": {
									"mode": "raw",
									"raw": "{\n    \"facility_type\": \"Truck\",\n    \"longitude\": \"-122.4925212449949\",\n    \"facility_count\": \"40\"\n}",
									"options": {
										"raw": {
											"language": "json"
										}
									}
								},
								"url": {
									"raw": "http://127.0.0.1:8000/api/facility/nearby/",
									"protocol": "http",
									"host": [
										"127",
										"0",
										"0",
										"1"
									],
									"port": "8000",
									"path": [
										"api",
										"facility",
										"nearby",
										""
									]
								}
							},
							"status": "Bad Request",
							"code": 400,
							"_postman_previewlanguage": "json",
							"header": [
								{
									"key": "Date",
									"value": "Thu, 09 May 2024 06:00:03 GMT"
								},
								{
									"key": "Server",
									"value": "WSGIServer/0.2 CPython/3.12.3"
								},
								{
									"key": "Content-Type",
									"value": "application/json"
								},
								{
									"key": "Vary",
									"value": "Accept, Cookie"
								},
								{
									"key": "Allow",
									"value": "GET, HEAD, OPTIONS"
								},
								{
									"key": "X-Frame-Options",
									"value": "DENY"
								},
								{
									"key": "Content-Length",
									"value": "35"
								},
								{
									"key": "X-Content-Type-Options",
									"value": "nosniff"
								},
								{
									"key": "Referrer-Policy",
									"value": "same-origin"
								},
								{
									"key": "Cross-Origin-Opener-Policy",
									"value": "same-origin"
								}
							],
							"cookie": [],
							"body": "{\n    \"error\": \"Please provide latitude\"\n}"
						},
						{
							"name": "Get Near By Facility API",
							"originalRequest": {
								"method": "GET",
								"header": [],
								"body": {
									"mode": "raw",
									"raw": "{\n    \"facility_type\": \"Truck\",\n    \"longitude\": \"-122.4925212449949\",\n    \"latitude\": \"37.72188970870838\"\n}",
									"options": {
										"raw": {
											"language": "json"
										}
									}
								},
								"url": {
									"raw": "http://127.0.0.1:8000/api/facility/nearby/",
									"protocol": "http",
									"host": [
										"127",
										"0",
										"0",
										"1"
									],
									"port": "8000",
									"path": [
										"api",
										"facility",
										"nearby",
										""
									]
								}
							},
							"status": "Bad Request",
							"code": 400,
							"_postman_previewlanguage": "json",
							"header": [
								{
									"key": "Date",
									"value": "Thu, 09 May 2024 06:00:30 GMT"
								},
								{
									"key": "Server",
									"value": "WSGIServer/0.2 CPython/3.12.3"
								},
								{
									"key": "Content-Type",
									"value": "application/json"
								},
								{
									"key": "Vary",
									"value": "Accept, Cookie"
								},
								{
									"key": "Allow",
									"value": "GET, HEAD, OPTIONS"
								},
								{
									"key": "X-Frame-Options",
									"value": "DENY"
								},
								{
									"key": "Content-Length",
									"value": "41"
								},
								{
									"key": "X-Content-Type-Options",
									"value": "nosniff"
								},
								{
									"key": "Referrer-Policy",
									"value": "same-origin"
								},
								{
									"key": "Cross-Origin-Opener-Policy",
									"value": "same-origin"
								}
							],
							"cookie": [],
							"body": "{\n    \"error\": \"Please provide facility_count\"\n}"
						},
						{
							"name": "Get Near By Facility API",
							"originalRequest": {
								"method": "GET",
								"header": [],
								"body": {
									"mode": "raw",
									"raw": "{\n    \"facility_type\": \"Tuck\",\n    \"longitude\": \"-122.4925212449949\",\n    \"latitude\": \"37.72188970870838\",\n    \"facility_count\": \"40\"\n}",
									"options": {
										"raw": {
											"language": "json"
										}
									}
								},
								"url": {
									"raw": "http://127.0.0.1:8000/api/facility/nearby/",
									"protocol": "http",
									"host": [
										"127",
										"0",
										"0",
										"1"
									],
									"port": "8000",
									"path": [
										"api",
										"facility",
										"nearby",
										""
									]
								}
							},
							"status": "Bad Request",
							"code": 400,
							"_postman_previewlanguage": "json",
							"header": [
								{
									"key": "Date",
									"value": "Thu, 09 May 2024 06:01:10 GMT"
								},
								{
									"key": "Server",
									"value": "WSGIServer/0.2 CPython/3.12.3"
								},
								{
									"key": "Content-Type",
									"value": "application/json"
								},
								{
									"key": "Vary",
									"value": "Accept, Cookie"
								},
								{
									"key": "Allow",
									"value": "GET, HEAD, OPTIONS"
								},
								{
									"key": "X-Frame-Options",
									"value": "DENY"
								},
								{
									"key": "Content-Length",
									"value": "46"
								},
								{
									"key": "X-Content-Type-Options",
									"value": "nosniff"
								},
								{
									"key": "Referrer-Policy",
									"value": "same-origin"
								},
								{
									"key": "Cross-Origin-Opener-Policy",
									"value": "same-origin"
								}
							],
							"cookie": [],
							"body": "{\n    \"error\": \"Please provide valid facility_type\"\n}"
						},
						{
							"name": "Get Near By Facility API",
							"originalRequest": {
								"method": "GET",
								"header": [],
								"body": {
									"mode": "raw",
									"raw": "{\n    \"facility_type\": \"Truck\",\n    \"longitude\": \"-122.49252rf12449949\",\n    \"latitude\": \"37.72188970870838\",\n    \"facility_count\": \"40\"\n}",
									"options": {
										"raw": {
											"language": "json"
										}
									}
								},
								"url": {
									"raw": "http://127.0.0.1:8000/api/facility/nearby/",
									"protocol": "http",
									"host": [
										"127",
										"0",
										"0",
										"1"
									],
									"port": "8000",
									"path": [
										"api",
										"facility",
										"nearby",
										""
									]
								}
							},
							"status": "Bad Request",
							"code": 400,
							"_postman_previewlanguage": "json",
							"header": [
								{
									"key": "Date",
									"value": "Thu, 09 May 2024 06:01:58 GMT"
								},
								{
									"key": "Server",
									"value": "WSGIServer/0.2 CPython/3.12.3"
								},
								{
									"key": "Content-Type",
									"value": "application/json"
								},
								{
									"key": "Vary",
									"value": "Accept, Cookie"
								},
								{
									"key": "Allow",
									"value": "GET, HEAD, OPTIONS"
								},
								{
									"key": "X-Frame-Options",
									"value": "DENY"
								},
								{
									"key": "Content-Length",
									"value": "42"
								},
								{
									"key": "X-Content-Type-Options",
									"value": "nosniff"
								},
								{
									"key": "Referrer-Policy",
									"value": "same-origin"
								},
								{
									"key": "Cross-Origin-Opener-Policy",
									"value": "same-origin"
								}
							],
							"cookie": [],
							"body": "{\n    \"error\": \"Please provide valid longitude\"\n}"
						},
						{
							"name": "Get Near By Facility API",
							"originalRequest": {
								"method": "GET",
								"header": [],
								"body": {
									"mode": "raw",
									"raw": "{\n    \"facility_type\": \"Truck\",\n    \"longitude\": \"-122.4925212449949\",\n    \"latitude\": \"37.72188970870tg838\",\n    \"facility_count\": \"40\"\n}",
									"options": {
										"raw": {
											"language": "json"
										}
									}
								},
								"url": {
									"raw": "http://127.0.0.1:8000/api/facility/nearby/",
									"protocol": "http",
									"host": [
										"127",
										"0",
										"0",
										"1"
									],
									"port": "8000",
									"path": [
										"api",
										"facility",
										"nearby",
										""
									]
								}
							},
							"status": "Bad Request",
							"code": 400,
							"_postman_previewlanguage": "json",
							"header": [
								{
									"key": "Date",
									"value": "Thu, 09 May 2024 06:02:19 GMT"
								},
								{
									"key": "Server",
									"value": "WSGIServer/0.2 CPython/3.12.3"
								},
								{
									"key": "Content-Type",
									"value": "application/json"
								},
								{
									"key": "Vary",
									"value": "Accept, Cookie"
								},
								{
									"key": "Allow",
									"value": "GET, HEAD, OPTIONS"
								},
								{
									"key": "X-Frame-Options",
									"value": "DENY"
								},
								{
									"key": "Content-Length",
									"value": "41"
								},
								{
									"key": "X-Content-Type-Options",
									"value": "nosniff"
								},
								{
									"key": "Referrer-Policy",
									"value": "same-origin"
								},
								{
									"key": "Cross-Origin-Opener-Policy",
									"value": "same-origin"
								}
							],
							"cookie": [],
							"body": "{\n    \"error\": \"Please provide valid latitude\"\n}"
						},
						{
							"name": "Get Near By Facility API",
							"originalRequest": {
								"method": "GET",
								"header": [],
								"body": {
									"mode": "raw",
									"raw": "{\n    \"facility_type\": \"Truck\",\n    \"longitude\": \"-122.4925212449949\",\n    \"latitude\": \"37.72188970870838\",\n    \"facility_count\": \"40r\"\n}",
									"options": {
										"raw": {
											"language": "json"
										}
									}
								},
								"url": {
									"raw": "http://127.0.0.1:8000/api/facility/nearby/",
									"protocol": "http",
									"host": [
										"127",
										"0",
										"0",
										"1"
									],
									"port": "8000",
									"path": [
										"api",
										"facility",
										"nearby",
										""
									]
								}
							},
							"status": "Bad Request",
							"code": 400,
							"_postman_previewlanguage": "json",
							"header": [
								{
									"key": "Date",
									"value": "Thu, 09 May 2024 06:02:47 GMT"
								},
								{
									"key": "Server",
									"value": "WSGIServer/0.2 CPython/3.12.3"
								},
								{
									"key": "Content-Type",
									"value": "application/json"
								},
								{
									"key": "Vary",
									"value": "Accept, Cookie"
								},
								{
									"key": "Allow",
									"value": "GET, HEAD, OPTIONS"
								},
								{
									"key": "X-Frame-Options",
									"value": "DENY"
								},
								{
									"key": "Content-Length",
									"value": "47"
								},
								{
									"key": "X-Content-Type-Options",
									"value": "nosniff"
								},
								{
									"key": "Referrer-Policy",
									"value": "same-origin"
								},
								{
									"key": "Cross-Origin-Opener-Policy",
									"value": "same-origin"
								}
							],
							"cookie": [],
							"body": "{\n    \"error\": \"Please provide valid facility_count\"\n}"
						},
						{
							"name": "Get Near By Facility API",
							"originalRequest": {
								"method": "GET",
								"header": [],
								"body": {
									"mode": "raw",
									"raw": "{\n    \"facility_type\": \"Truck\",\n    \"longitude\": \"-122.4925212449949\",\n    \"latitude\": \"37.72188970870838\",\n    \"facility_count\": \"4\"\n}",
									"options": {
										"raw": {
											"language": "json"
										}
									}
								},
								"url": {
									"raw": "http://127.0.0.1:8000/api/facility/nearby/",
									"protocol": "http",
									"host": [
										"127",
										"0",
										"0",
										"1"
									],
									"port": "8000",
									"path": [
										"api",
										"facility",
										"nearby",
										""
									]
								}
							},
							"status": "Bad Request",
							"code": 400,
							"_postman_previewlanguage": "json",
							"header": [
								{
									"key": "Date",
									"value": "Thu, 09 May 2024 06:03:13 GMT"
								},
								{
									"key": "Server",
									"value": "WSGIServer/0.2 CPython/3.12.3"
								},
								{
									"key": "Content-Type",
									"value": "application/json"
								},
								{
									"key": "Vary",
									"value": "Accept, Cookie"
								},
								{
									"key": "Allow",
									"value": "GET, HEAD, OPTIONS"
								},
								{
									"key": "X-Frame-Options",
									"value": "DENY"
								},
								{
									"key": "Content-Length",
									"value": "51"
								},
								{
									"key": "X-Content-Type-Options",
									"value": "nosniff"
								},
								{
									"key": "Referrer-Policy",
									"value": "same-origin"
								},
								{
									"key": "Cross-Origin-Opener-Policy",
									"value": "same-origin"
								}
							],
							"cookie": [],
							"body": "{\n    \"error\": \"Please provide minimum 5 facility_count\"\n}"
						},
						{
							"name": "Get Near By Facility API",
							"originalRequest": {
								"method": "GET",
								"header": [],
								"body": {
									"mode": "raw",
									"raw": "{\n    \"facility_type\": \"Truck\",\n    \"longitude\": \"-122.4925212449949\",\n    \"latitude\": \"37.72188970870838\",\n    \"facility_count\": \"40\"\n}",
									"options": {
										"raw": {
											"language": "json"
										}
									}
								},
								"url": {
									"raw": "http://127.0.0.1:8000/api/facility/nearby/?page=ad&size=20",
									"protocol": "http",
									"host": [
										"127",
										"0",
										"0",
										"1"
									],
									"port": "8000",
									"path": [
										"api",
										"facility",
										"nearby",
										""
									],
									"query": [
										{
											"key": "page",
											"value": "ad"
										},
										{
											"key": "size",
											"value": "20"
										}
									]
								}
							},
							"status": "Bad Request",
							"code": 400,
							"_postman_previewlanguage": "json",
							"header": [
								{
									"key": "Date",
									"value": "Thu, 09 May 2024 06:03:52 GMT"
								},
								{
									"key": "Server",
									"value": "WSGIServer/0.2 CPython/3.12.3"
								},
								{
									"key": "Content-Type",
									"value": "application/json"
								},
								{
									"key": "Vary",
									"value": "Accept, Cookie"
								},
								{
									"key": "Allow",
									"value": "GET, HEAD, OPTIONS"
								},
								{
									"key": "X-Frame-Options",
									"value": "DENY"
								},
								{
									"key": "Content-Length",
									"value": "44"
								},
								{
									"key": "X-Content-Type-Options",
									"value": "nosniff"
								},
								{
									"key": "Referrer-Policy",
									"value": "same-origin"
								},
								{
									"key": "Cross-Origin-Opener-Policy",
									"value": "same-origin"
								}
							],
							"cookie": [],
							"body": "{\n    \"error\": \"Please provide valid page number\"\n}"
						},
						{
							"name": "Get Near By Facility API",
							"originalRequest": {
								"method": "GET",
								"header": [],
								"body": {
									"mode": "raw",
									"raw": "{\n    \"facility_type\": \"Truck\",\n    \"longitude\": \"-122.4925212449949\",\n    \"latitude\": \"37.72188970870838\",\n    \"facility_count\": \"40\"\n}",
									"options": {
										"raw": {
											"language": "json"
										}
									}
								},
								"url": {
									"raw": "http://127.0.0.1:8000/api/facility/nearby/?page=2&size=cv",
									"protocol": "http",
									"host": [
										"127",
										"0",
										"0",
										"1"
									],
									"port": "8000",
									"path": [
										"api",
										"facility",
										"nearby",
										""
									],
									"query": [
										{
											"key": "page",
											"value": "2"
										},
										{
											"key": "size",
											"value": "cv"
										}
									]
								}
							},
							"status": "Bad Request",
							"code": 400,
							"_postman_previewlanguage": "json",
							"header": [
								{
									"key": "Date",
									"value": "Thu, 09 May 2024 06:04:21 GMT"
								},
								{
									"key": "Server",
									"value": "WSGIServer/0.2 CPython/3.12.3"
								},
								{
									"key": "Content-Type",
									"value": "application/json"
								},
								{
									"key": "Vary",
									"value": "Accept, Cookie"
								},
								{
									"key": "Allow",
									"value": "GET, HEAD, OPTIONS"
								},
								{
									"key": "X-Frame-Options",
									"value": "DENY"
								},
								{
									"key": "Content-Length",
									"value": "42"
								},
								{
									"key": "X-Content-Type-Options",
									"value": "nosniff"
								},
								{
									"key": "Referrer-Policy",
									"value": "same-origin"
								},
								{
									"key": "Cross-Origin-Opener-Policy",
									"value": "same-origin"
								}
							],
							"cookie": [],
							"body": "{\n    \"error\": \"Please provide valid page size\"\n}"
						},
						{
							"name": "Get Near By Facility API",
							"originalRequest": {
								"method": "GET",
								"header": [],
								"body": {
									"mode": "raw",
									"raw": "{\n    \"facility_type\": \"Truck\",\n    \"longitude\": \"-122.4925212449949\",\n    \"latitude\": \"37.72188970870838\",\n    \"facility_count\": \"40\"\n}",
									"options": {
										"raw": {
											"language": "json"
										}
									}
								},
								"url": {
									"raw": "http://127.0.0.1:8000/api/facility/nearby/?page=1&size=20",
									"protocol": "http",
									"host": [
										"127",
										"0",
										"0",
										"1"
									],
									"port": "8000",
									"path": [
										"api",
										"facility",
										"nearby",
										""
									],
									"query": [
										{
											"key": "page",
											"value": "1"
										},
										{
											"key": "size",
											"value": "20"
										}
									]
								}
							},
							"status": "OK",
							"code": 200,
							"_postman_previewlanguage": "json",
							"header": [
								{
									"key": "Date",
									"value": "Thu, 09 May 2024 06:04:46 GMT"
								},
								{
									"key": "Server",
									"value": "WSGIServer/0.2 CPython/3.12.3"
								},
								{
									"key": "Content-Type",
									"value": "application/json"
								},
								{
									"key": "Vary",
									"value": "Accept, Cookie"
								},
								{
									"key": "Allow",
									"value": "GET, HEAD, OPTIONS"
								},
								{
									"key": "X-Frame-Options",
									"value": "DENY"
								},
								{
									"key": "Content-Length",
									"value": "21187"
								},
								{
									"key": "X-Content-Type-Options",
									"value": "nosniff"
								},
								{
									"key": "Referrer-Policy",
									"value": "same-origin"
								},
								{
									"key": "Cross-Origin-Opener-Policy",
									"value": "same-origin"
								}
							],
							"cookie": [],
							"body": "{\n    \"previous\": null,\n    \"next\": \"http://127.0.0.1:8000/api/facility/nearby/?page=2&size=20\",\n    \"facility_available\": 40,\n    \"facilities\": [\n        {\n            \"id\": 3,\n            \"closest_distance\": \"0.0 m\",\n            \"location_id\": 1722089,\n            \"applicant\": \"Casita Vegana\",\n            \"facility_type\": \"Truck\",\n            \"cnn\": 7553000,\n            \"location_description\": \"JOHN MUIR DR: LAKE MERCED BLVD to SKYLINE BLVD (200 - 699)\",\n            \"address\": \"Assessors Block 7283/Lot004\",\n            \"blocklot\": \"7283004\",\n            \"block\": \"7283\",\n            \"lot\": \"004\",\n            \"permit\": \"23MFF-00005\",\n            \"status\": \"APPROVED\",\n            \"foodItems\": \"Coffee: Vegan Pastries: Vegan Hot Dogs: Vegan Tamales: Te: Vegan Shakes\",\n            \"x\": 5985417.15,\n            \"y\": 2091453.145,\n            \"latitude\": 37.72188970870838,\n            \"longitude\": -122.4925212449949,\n            \"schedule\": \"http://bsm.sfdpw.org/PermitsTracker/reports/report.aspx?title=schedule&report=rptSchedule&params=permit=23MFF-00005&ExportPDF=1&Filename=23MFF-00005_schedule.pdf\",\n            \"dayshours\": null,\n            \"noi_sent\": null,\n            \"approved\": \"08/30/2023 12:00:00 AM\",\n            \"received\": 20230829,\n            \"prior_permit\": 0,\n            \"expiration_date\": \"11/15/2024 12:00:00 AM\",\n            \"location\": \"(37.72188970870838, -122.4925212449949)\",\n            \"fire_prevention_districts\": 1,\n            \"police_districts\": 8,\n            \"supervisor_districts\": 4,\n            \"zip_codes\": 64,\n            \"neighborhoods_old\": 14\n        },\n        {\n            \"id\": 86,\n            \"closest_distance\": \"1550.32554633 m\",\n            \"location_id\": 1723795,\n            \"applicant\": \"Natan's Catering\",\n            \"facility_type\": \"Truck\",\n            \"cnn\": 0,\n            \"location_description\": null,\n            \"address\": \"Assessors Block 7295/Lot022\",\n            \"blocklot\": \"7295022\",\n            \"block\": \"7295\",\n            \"lot\": \"022\",\n            \"permit\": \"23MFF-00006\",\n            \"status\": \"APPROVED\",\n            \"foodItems\": \"Burgers: melts: hot dogs: burritos:sandwiches: fries: onion rings: drinks\",\n            \"x\": 5989624.724,\n            \"y\": 2094318.981,\n            \"latitude\": 37.730003683189196,\n            \"longitude\": -122.4781863254146,\n            \"schedule\": \"http://bsm.sfdpw.org/PermitsTracker/reports/report.aspx?title=schedule&report=rptSchedule&params=permit=23MFF-00006&ExportPDF=1&Filename=23MFF-00006_schedule.pdf\",\n            \"dayshours\": null,\n            \"noi_sent\": null,\n            \"approved\": \"09/12/2023 12:00:00 AM\",\n            \"received\": 20230911,\n            \"prior_permit\": 1,\n            \"expiration_date\": \"11/15/2024 12:00:00 AM\",\n            \"location\": \"(37.730003683189196, -122.4781863254146)\",\n            \"fire_prevention_districts\": 1,\n            \"police_districts\": 8,\n            \"supervisor_districts\": 4,\n            \"zip_codes\": 64,\n            \"neighborhoods_old\": 14\n        },\n        {\n            \"id\": 302,\n            \"closest_distance\": \"2163.41910129 m\",\n            \"location_id\": 931093,\n            \"applicant\": \"Swell Cream & Coffee\",\n            \"facility_type\": \"Truck\",\n            \"cnn\": 12412000,\n            \"location_description\": \"TARAVAL ST: 36TH AVE to SUNSET BLVD (2600 - 2649)\",\n            \"address\": \"2401 36TH AVE\",\n            \"blocklot\": \"2389001\",\n            \"block\": \"2389\",\n            \"lot\": \"001\",\n            \"permit\": \"17MFF-0002\",\n            \"status\": \"REQUESTED\",\n            \"foodItems\": \"Ice cream: coffee: pastries\",\n            \"x\": 5985030.8,\n            \"y\": 2098527.088,\n            \"latitude\": 37.7412902847707,\n            \"longitude\": -122.49437792043544,\n            \"schedule\": \"http://bsm.sfdpw.org/PermitsTracker/reports/report.aspx?title=schedule&report=rptSchedule&params=permit=17MFF-0002&ExportPDF=1&Filename=17MFF-0002_schedule.pdf\",\n            \"dayshours\": null,\n            \"noi_sent\": null,\n            \"approved\": null,\n            \"received\": 20170130,\n            \"prior_permit\": 0,\n            \"expiration_date\": \"01/30/2018 12:00:00 AM\",\n            \"location\": \"(37.7412902847707, -122.49437792043544)\",\n            \"fire_prevention_districts\": 1,\n            \"police_districts\": 8,\n            \"supervisor_districts\": 3,\n            \"zip_codes\": 29491,\n            \"neighborhoods_old\": 35\n        },\n        {\n            \"id\": 175,\n            \"closest_distance\": \"2279.1719213 m\",\n            \"location_id\": 1163792,\n            \"applicant\": \"SOHOMEI, LLC\",\n            \"facility_type\": \"Truck\",\n            \"cnn\": 12583000,\n            \"location_description\": \"THOMAS MORE WAY: BROTHERHOOD WAY \\\\ CHUMASERO DR to SAN FRANCISCO GOLF CLUB RD (1 - 99)\",\n            \"address\": \"1 THOMAS MORE WAY\",\n            \"blocklot\": \"7380027\",\n            \"block\": \"7380\",\n            \"lot\": \"027\",\n            \"permit\": \"18MFF-0028\",\n            \"status\": \"REQUESTED\",\n            \"foodItems\": \"COLD TRUCK. Deli: bbq chicken skewer: Chinese spring roll: Chinese fried rice/noodle: fried chicken leg/wing: bbq chicken sandwich: chicken cheese burger: burrito: lumpia. Snack: sunflower seeds: muffins: chips: snickers: kit-kat: 10 types of chocolate. Drinks: Coke: 7-Up: Dr. Pepper: Pepsi: Redbull: Vitamin Water: Rockstar: Coconut Juice: Water. Hot drinks: coffee: tea.\",\n            \"x\": 5991430.02662,\n            \"y\": 2086996.77488,\n            \"latitude\": 37.710003334289446,\n            \"longitude\": -122.47141191312888,\n            \"schedule\": \"http://bsm.sfdpw.org/PermitsTracker/reports/report.aspx?title=schedule&report=rptSchedule&params=permit=18MFF-0028&ExportPDF=1&Filename=18MFF-0028_schedule.pdf\",\n            \"dayshours\": \"Mo-Fr:7AM-8AM/10AM-11AM/12PM-1PM\",\n            \"noi_sent\": null,\n            \"approved\": null,\n            \"received\": 20180521,\n            \"prior_permit\": 1,\n            \"expiration_date\": \"07/15/2019 12:00:00 AM\",\n            \"location\": \"(37.710003334289446, -122.47141191312888)\",\n            \"fire_prevention_districts\": 1,\n            \"police_districts\": 8,\n            \"supervisor_districts\": 4,\n            \"zip_codes\": 64,\n            \"neighborhoods_old\": 14\n        },\n        {\n            \"id\": 362,\n            \"closest_distance\": \"2297.40515166 m\",\n            \"location_id\": 931094,\n            \"applicant\": \"Swell Cream & Coffee\",\n            \"facility_type\": \"Truck\",\n            \"cnn\": 12410000,\n            \"location_description\": \"TARAVAL ST: 34TH AVE to 35TH AVE (2400 - 2499)\",\n            \"address\": \"2450 TARAVAL ST\",\n            \"blocklot\": \"2363022\",\n            \"block\": \"2363\",\n            \"lot\": \"022\",\n            \"permit\": \"17MFF-0002\",\n            \"status\": \"REQUESTED\",\n            \"foodItems\": \"Ice cream: coffee: pastries\",\n            \"x\": 5985532.259,\n            \"y\": 2098975.331,\n            \"latitude\": 37.74255037355925,\n            \"longitude\": -122.49267708221483,\n            \"schedule\": \"http://bsm.sfdpw.org/PermitsTracker/reports/report.aspx?title=schedule&report=rptSchedule&params=permit=17MFF-0002&ExportPDF=1&Filename=17MFF-0002_schedule.pdf\",\n            \"dayshours\": null,\n            \"noi_sent\": null,\n            \"approved\": null,\n            \"received\": 20170130,\n            \"prior_permit\": 0,\n            \"expiration_date\": \"01/30/2018 12:00:00 AM\",\n            \"location\": \"(37.74255037355925, -122.49267708221483)\",\n            \"fire_prevention_districts\": 1,\n            \"police_districts\": 8,\n            \"supervisor_districts\": 3,\n            \"zip_codes\": 29491,\n            \"neighborhoods_old\": 35\n        },\n        {\n            \"id\": 4,\n            \"closest_distance\": \"2847.70662133 m\",\n            \"location_id\": 1612654,\n            \"applicant\": \"Sunset Mercantile/Outer Sunset Farmers Market & Mercantile\",\n            \"facility_type\": \"Truck\",\n            \"cnn\": 1835000,\n            \"location_description\": \"37TH AVE: QUINTARA ST to RIVERA ST (2100 - 2199)\",\n            \"address\": \"2155 37TH AVE\",\n            \"blocklot\": \"2094006\",\n            \"block\": \"2094\",\n            \"lot\": \"006\",\n            \"permit\": \"22MFF-00031\",\n            \"status\": \"REQUESTED\",\n            \"foodItems\": \"Multiple Food Trucks & Food Types\",\n            \"x\": 5984527.62,\n            \"y\": 2100736.237,\n            \"latitude\": 37.74732654654123,\n            \"longitude\": -122.49628067270531,\n            \"schedule\": \"http://bsm.sfdpw.org/PermitsTracker/reports/report.aspx?title=schedule&report=rptSchedule&params=permit=22MFF-00031&ExportPDF=1&Filename=22MFF-00031_schedule.pdf\",\n            \"dayshours\": null,\n            \"noi_sent\": null,\n            \"approved\": null,\n            \"received\": 20220421,\n            \"prior_permit\": 0,\n            \"expiration_date\": \"11/15/2022 12:00:00 AM\",\n            \"location\": \"(37.74732654654123, -122.49628067270531)\",\n            \"fire_prevention_districts\": 1,\n            \"police_districts\": 8,\n            \"supervisor_districts\": 3,\n            \"zip_codes\": 29491,\n            \"neighborhoods_old\": 35\n        },\n        {\n            \"id\": 235,\n            \"closest_distance\": \"2927.3721414 m\",\n            \"location_id\": 1741752,\n            \"applicant\": \"San Pancho's Tacos\",\n            \"facility_type\": \"Truck\",\n            \"cnn\": 3670000,\n            \"location_description\": \"CAPITOL AVE: DE MONTFORT AVE to OCEAN AVE (1200 - 1299)\",\n            \"address\": \"1271 CAPITOL AVE\",\n            \"blocklot\": \"6935001\",\n            \"block\": \"6935\",\n            \"lot\": \"001\",\n            \"permit\": \"23MFF-00047\",\n            \"status\": \"REQUESTED\",\n            \"foodItems\": \"Tacos: Burritos: Quesadillas: Tortas: Nachos: Hot Dogs:Soda: Water: Fruit Drinks\",\n            \"x\": 5995019.526,\n            \"y\": 2092127.388,\n            \"latitude\": 37.724297778527635,\n            \"longitude\": -122.45937730954839,\n            \"schedule\": \"http://bsm.sfdpw.org/PermitsTracker/reports/report.aspx?title=schedule&report=rptSchedule&params=permit=23MFF-00047&ExportPDF=1&Filename=23MFF-00047_schedule.pdf\",\n            \"dayshours\": null,\n            \"noi_sent\": null,\n            \"approved\": null,\n            \"received\": 20231116,\n            \"prior_permit\": 1,\n            \"expiration_date\": \"11/15/2024 12:00:00 AM\",\n            \"location\": \"(37.724297778527635, -122.45937730954839)\",\n            \"fire_prevention_districts\": 9,\n            \"police_districts\": 8,\n            \"supervisor_districts\": 4,\n            \"zip_codes\": 28861,\n            \"neighborhoods_old\": 24\n        },\n        {\n            \"id\": 426,\n            \"closest_distance\": \"3529.28428736 m\",\n            \"location_id\": 1741750,\n            \"applicant\": \"San Pancho's Tacos\",\n            \"facility_type\": \"Truck\",\n            \"cnn\": 2178101,\n            \"location_description\": \"ALEMANY BLVD: SICKLES AVE to I-280 N ON RAMP \\\\ REGENT ST \\\\ SAN JOSE AVE (3101 - 3155) -- SOUTH --\",\n            \"address\": \"3119 ALEMANY BLVD\",\n            \"blocklot\": \"7146002\",\n            \"block\": \"7146\",\n            \"lot\": \"002\",\n            \"permit\": \"23MFF-00047\",\n            \"status\": \"REQUESTED\",\n            \"foodItems\": \"Tacos: Burritos: Quesadillas: Tortas: Nachos: Hot Dogs:Soda: Water: Fruit Drinks\",\n            \"x\": 5996113.792,\n            \"y\": 2086967.583,\n            \"latitude\": 37.71019301997575,\n            \"longitude\": -122.4552219061259,\n            \"schedule\": \"http://bsm.sfdpw.org/PermitsTracker/reports/report.aspx?title=schedule&report=rptSchedule&params=permit=23MFF-00047&ExportPDF=1&Filename=23MFF-00047_schedule.pdf\",\n            \"dayshours\": null,\n            \"noi_sent\": null,\n            \"approved\": null,\n            \"received\": 20231116,\n            \"prior_permit\": 1,\n            \"expiration_date\": \"11/15/2024 12:00:00 AM\",\n            \"location\": \"(37.71019301997575, -122.4552219061259)\",\n            \"fire_prevention_districts\": 9,\n            \"police_districts\": 7,\n            \"supervisor_districts\": 6,\n            \"zip_codes\": 28861,\n            \"neighborhoods_old\": 25\n        },\n        {\n            \"id\": 231,\n            \"closest_distance\": \"3666.87146949 m\",\n            \"location_id\": 1738641,\n            \"applicant\": \"Eva's Catering\",\n            \"facility_type\": \"Truck\",\n            \"cnn\": 10006000,\n            \"location_description\": \"ORTEGA ST: 18TH AVE to 19TH AVE (1100 - 1199)\",\n            \"address\": \"1900 19TH AVE\",\n            \"blocklot\": \"2116028\",\n            \"block\": \"2116\",\n            \"lot\": \"028\",\n            \"permit\": \"23MFF-00042\",\n            \"status\": \"APPROVED\",\n            \"foodItems\": \"Cold Truck: Burrito: Corn Dog: Salads: Sandwiches: Quesadilla: Tacos: Fried Rice: Cow Mein: Chinese Rice: Noodle Plates: Soup: Bacon: Eggs: Ham: Avacado: Sausages: Beverages\",\n            \"x\": 5990463.819,\n            \"y\": 2102357.539,\n            \"latitude\": 37.75212416311866,\n            \"longitude\": -122.47587232222202,\n            \"schedule\": \"http://bsm.sfdpw.org/PermitsTracker/reports/report.aspx?title=schedule&report=rptSchedule&params=permit=23MFF-00042&ExportPDF=1&Filename=23MFF-00042_schedule.pdf\",\n            \"dayshours\": null,\n            \"noi_sent\": null,\n            \"approved\": \"11/13/2023 12:00:00 AM\",\n            \"received\": 20231108,\n            \"prior_permit\": 1,\n            \"expiration_date\": \"11/15/2024 12:00:00 AM\",\n            \"location\": \"(37.75212416311866, -122.47587232222202)\",\n            \"fire_prevention_districts\": 1,\n            \"police_districts\": 8,\n            \"supervisor_districts\": 4,\n            \"zip_codes\": 29491,\n            \"neighborhoods_old\": 12\n        },\n        {\n            \"id\": 276,\n            \"closest_distance\": \"3735.5603896 m\",\n            \"location_id\": 1738640,\n            \"applicant\": \"Eva's Catering\",\n            \"facility_type\": \"Truck\",\n            \"cnn\": 10006000,\n            \"location_description\": \"ORTEGA ST: 18TH AVE to 19TH AVE (1100 - 1199)\",\n            \"address\": \"1100 ORTEGA ST\",\n            \"blocklot\": \"2055019\",\n            \"block\": \"2055\",\n            \"lot\": \"019\",\n            \"permit\": \"23MFF-00042\",\n            \"status\": \"APPROVED\",\n            \"foodItems\": \"Cold Truck: Burrito: Corn Dog: Salads: Sandwiches: Quesadilla: Tacos: Fried Rice: Cow Mein: Chinese Rice: Noodle Plates: Soup: Bacon: Eggs: Ham: Avacado: Sausages: Beverages\",\n            \"x\": 5990583.21,\n            \"y\": 2102550.36,\n            \"latitude\": 37.752660520412284,\n            \"longitude\": -122.47547353178139,\n            \"schedule\": \"http://bsm.sfdpw.org/PermitsTracker/reports/report.aspx?title=schedule&report=rptSchedule&params=permit=23MFF-00042&ExportPDF=1&Filename=23MFF-00042_schedule.pdf\",\n            \"dayshours\": null,\n            \"noi_sent\": null,\n            \"approved\": \"11/13/2023 12:00:00 AM\",\n            \"received\": 20231108,\n            \"prior_permit\": 1,\n            \"expiration_date\": \"11/15/2024 12:00:00 AM\",\n            \"location\": \"(37.752660520412284, -122.47547353178139)\",\n            \"fire_prevention_districts\": 1,\n            \"police_districts\": 8,\n            \"supervisor_districts\": 4,\n            \"zip_codes\": 56,\n            \"neighborhoods_old\": 12\n        },\n        {\n            \"id\": 45,\n            \"closest_distance\": \"4875.77813336 m\",\n            \"location_id\": 1568975,\n            \"applicant\": \"California Kahve\",\n            \"facility_type\": \"Truck\",\n            \"cnn\": 7922000,\n            \"location_description\": \"LA PLAYA: LINCOLN WAY \\\\ MARTIN LUTHER KING JR DR to IRVING ST (1200 - 1299)\",\n            \"address\": \"1234 GREAT HWY\",\n            \"blocklot\": \"1701006\",\n            \"block\": \"1701\",\n            \"lot\": \"006\",\n            \"permit\": \"21MFF-00102\",\n            \"status\": \"EXPIRED\",\n            \"foodItems\": \"Drip Coffee: Espresso Drinks: Matcha Green Tea: Black Teas: Herbal Teas: Crossaints: Savory and Sweet Breads\",\n            \"x\": 5980806.006,\n            \"y\": 2106745.676,\n            \"latitude\": 37.76360804110198,\n            \"longitude\": -122.50959579624613,\n            \"schedule\": \"http://bsm.sfdpw.org/PermitsTracker/reports/report.aspx?title=schedule&report=rptSchedule&params=permit=21MFF-00102&ExportPDF=1&Filename=21MFF-00102_schedule.pdf\",\n            \"dayshours\": null,\n            \"noi_sent\": null,\n            \"approved\": \"11/04/2021 12:00:00 AM\",\n            \"received\": 20211104,\n            \"prior_permit\": 0,\n            \"expiration_date\": \"11/15/2022 12:00:00 AM\",\n            \"location\": \"(37.76360804110198, -122.50959579624613)\",\n            \"fire_prevention_districts\": 1,\n            \"police_districts\": 8,\n            \"supervisor_districts\": 3,\n            \"zip_codes\": 56,\n            \"neighborhoods_old\": 35\n        },\n        {\n            \"id\": 448,\n            \"closest_distance\": \"5435.10411941 m\",\n            \"location_id\": 1591828,\n            \"applicant\": \"Cochinita\",\n            \"facility_type\": \"Truck\",\n            \"cnn\": 358000,\n            \"location_description\": \"07TH AVE: LINCOLN WAY to HUGO ST (1200 - 1246)\",\n            \"address\": \"1219 07TH AVE\",\n            \"blocklot\": \"1743003\",\n            \"block\": \"1743\",\n            \"lot\": \"003\",\n            \"permit\": \"22MFF-00021\",\n            \"status\": \"EXPIRED\",\n            \"foodItems\": \"Mexican Food: Yucatan Food: Street Food\",\n            \"x\": 5993824.943,\n            \"y\": 2107157.162,\n            \"latitude\": 37.76549698761915,\n            \"longitude\": -122.46459761957114,\n            \"schedule\": \"http://bsm.sfdpw.org/PermitsTracker/reports/report.aspx?title=schedule&report=rptSchedule&params=permit=22MFF-00021&ExportPDF=1&Filename=22MFF-00021_schedule.pdf\",\n            \"dayshours\": null,\n            \"noi_sent\": null,\n            \"approved\": \"03/22/2022 12:00:00 AM\",\n            \"received\": 20220126,\n            \"prior_permit\": 1,\n            \"expiration_date\": \"11/15/2022 12:00:00 AM\",\n            \"location\": \"(37.76549698761915, -122.46459761957114)\",\n            \"fire_prevention_districts\": 11,\n            \"police_districts\": 8,\n            \"supervisor_districts\": 11,\n            \"zip_codes\": 56,\n            \"neighborhoods_old\": 12\n        },\n        {\n            \"id\": 242,\n            \"closest_distance\": \"5459.821849 m\",\n            \"location_id\": 1337787,\n            \"applicant\": \"Giant Burrito\",\n            \"facility_type\": \"Truck\",\n            \"cnn\": 6148201,\n            \"location_description\": \"GENEVA AVE: PRAGUE ST to LINDA VISTA STPS (1500 - 1598) -- SOUTH --\",\n            \"address\": \"1500 GENEVA AVE\",\n            \"blocklot\": \"6418065\",\n            \"block\": \"6418\",\n            \"lot\": \"065\",\n            \"permit\": \"19MFF-00088\",\n            \"status\": \"REQUESTED\",\n            \"foodItems\": \"Tacos: Burritos: Tostadas: Flautas: Tostadas: Tortas: Pozole Menudo\",\n            \"x\": 6002948.585,\n            \"y\": 2087593.93,\n            \"latitude\": 37.712302604744416,\n            \"longitude\": -122.43164419037294,\n            \"schedule\": \"http://bsm.sfdpw.org/PermitsTracker/reports/report.aspx?title=schedule&report=rptSchedule&params=permit=19MFF-00088&ExportPDF=1&Filename=19MFF-00088_schedule.pdf\",\n            \"dayshours\": null,\n            \"noi_sent\": null,\n            \"approved\": null,\n            \"received\": 20190715,\n            \"prior_permit\": 0,\n            \"expiration_date\": \"07/15/2020 12:00:00 AM\",\n            \"location\": \"(37.712302604744416, -122.43164419037294)\",\n            \"fire_prevention_districts\": 9,\n            \"police_districts\": 7,\n            \"supervisor_districts\": 6,\n            \"zip_codes\": 28861,\n            \"neighborhoods_old\": 5\n        },\n        {\n            \"id\": 21,\n            \"closest_distance\": \"5459.821849 m\",\n            \"location_id\": 1587393,\n            \"applicant\": \"Truly Food & More\",\n            \"facility_type\": \"Truck\",\n            \"cnn\": 6148201,\n            \"location_description\": \"GENEVA AVE: PRAGUE ST to LINDA VISTA STPS (1500 - 1598) -- SOUTH --\",\n            \"address\": \"1500 GENEVA AVE\",\n            \"blocklot\": \"6418065\",\n            \"block\": \"6418\",\n            \"lot\": \"065\",\n            \"permit\": \"21MFF-00151\",\n            \"status\": \"REQUESTED\",\n            \"foodItems\": \"Latin Food: Tacos: Pupusas: Vegetables: Salad: Water: Sodas\",\n            \"x\": 6002948.585,\n            \"y\": 2087593.93,\n            \"latitude\": 37.712302604744416,\n            \"longitude\": -122.43164419037294,\n            \"schedule\": \"http://bsm.sfdpw.org/PermitsTracker/reports/report.aspx?title=schedule&report=rptSchedule&params=permit=21MFF-00151&ExportPDF=1&Filename=21MFF-00151_schedule.pdf\",\n            \"dayshours\": null,\n            \"noi_sent\": null,\n            \"approved\": null,\n            \"received\": 20211229,\n            \"prior_permit\": 0,\n            \"expiration_date\": \"11/15/2022 12:00:00 AM\",\n            \"location\": \"(37.712302604744416, -122.43164419037294)\",\n            \"fire_prevention_districts\": 9,\n            \"police_districts\": 7,\n            \"supervisor_districts\": 6,\n            \"zip_codes\": 28861,\n            \"neighborhoods_old\": 5\n        },\n        {\n            \"id\": 135,\n            \"closest_distance\": \"5548.86765807 m\",\n            \"location_id\": 1730563,\n            \"applicant\": \"DO UC US Mobile Catering\",\n            \"facility_type\": \"Truck\",\n            \"cnn\": 10293000,\n            \"location_description\": \"PARNASSUS AVE: HILLWAY AVE to 03RD AVE (400 - 599)\",\n            \"address\": \"400 PARNASSUS AVE\",\n            \"blocklot\": \"1756001\",\n            \"block\": \"1756\",\n            \"lot\": \"001\",\n            \"permit\": \"23MFF-00015\",\n            \"status\": \"APPROVED\",\n            \"foodItems\": \"Cold truck: sandwiches: salads: beverages: chips: candy: cookies: coffee: tea: drinks\",\n            \"x\": 5995605.966,\n            \"y\": 2106525.104,\n            \"latitude\": 37.763864032383225,\n            \"longitude\": -122.4583917498439,\n            \"schedule\": \"http://bsm.sfdpw.org/PermitsTracker/reports/report.aspx?title=schedule&report=rptSchedule&params=permit=23MFF-00015&ExportPDF=1&Filename=23MFF-00015_schedule.pdf\",\n            \"dayshours\": null,\n            \"noi_sent\": null,\n            \"approved\": \"10/12/2023 12:00:00 AM\",\n            \"received\": 20231004,\n            \"prior_permit\": 1,\n            \"expiration_date\": \"11/15/2024 12:00:00 AM\",\n            \"location\": \"(37.763864032383225, -122.4583917498439)\",\n            \"fire_prevention_districts\": 15,\n            \"police_districts\": 5,\n            \"supervisor_districts\": 11,\n            \"zip_codes\": 56,\n            \"neighborhoods_old\": 12\n        },\n        {\n            \"id\": 272,\n            \"closest_distance\": \"6563.13301936 m\",\n            \"location_id\": 1738643,\n            \"applicant\": \"Eva's Catering\",\n            \"facility_type\": \"Truck\",\n            \"cnn\": 1009000,\n            \"location_description\": \"20TH AVE: LAWTON ST to MORAGA ST (1600 - 1699)\",\n            \"address\": \"1650 20TH AVE\",\n            \"blocklot\": \"3602 103\",\n            \"block\": \"3602\",\n            \"lot\": \"103\",\n            \"permit\": \"23MFF-00042\",\n            \"status\": \"APPROVED\",\n            \"foodItems\": \"Cold Truck: Burrito: Corn Dog: Salads: Sandwiches: Quesadilla: Tacos: Fried Rice: Cow Mein: Chinese Rice: Noodle Plates: Soup: Bacon: Eggs: Ham: Avacado: Sausages: Beverages\",\n            \"x\": 6002765.39824,\n            \"y\": 2104234.78252,\n            \"latitude\": 37.75798419052856,\n            \"longitude\": -122.43346578040662,\n            \"schedule\": \"http://bsm.sfdpw.org/PermitsTracker/reports/report.aspx?title=schedule&report=rptSchedule&params=permit=23MFF-00042&ExportPDF=1&Filename=23MFF-00042_schedule.pdf\",\n            \"dayshours\": null,\n            \"noi_sent\": null,\n            \"approved\": \"11/13/2023 12:00:00 AM\",\n            \"received\": 20231108,\n            \"prior_permit\": 1,\n            \"expiration_date\": \"11/15/2024 12:00:00 AM\",\n            \"location\": \"(37.75798419052856, -122.43346578040662)\",\n            \"fire_prevention_districts\": 2,\n            \"police_districts\": 4,\n            \"supervisor_districts\": 5,\n            \"zip_codes\": 28862,\n            \"neighborhoods_old\": 3\n        },\n        {\n            \"id\": 232,\n            \"closest_distance\": \"6855.16057869 m\",\n            \"location_id\": 1738642,\n            \"applicant\": \"Eva's Catering\",\n            \"facility_type\": \"Truck\",\n            \"cnn\": 10006000,\n            \"location_description\": \"ORTEGA ST: 18TH AVE to 19TH AVE (1100 - 1199)\",\n            \"address\": \"1199 ORTEGA ST\",\n            \"blocklot\": \"1404045\",\n            \"block\": \"1404\",\n            \"lot\": \"045\",\n            \"permit\": \"23MFF-00042\",\n            \"status\": \"APPROVED\",\n            \"foodItems\": \"Cold Truck: Burrito: Corn Dog: Salads: Sandwiches: Quesadilla: Tacos: Fried Rice: Cow Mein: Chinese Rice: Noodle Plates: Soup: Bacon: Eggs: Ham: Avacado: Sausages: Beverages\",\n            \"x\": 5986602.689,\n            \"y\": 2113869.846,\n            \"latitude\": 37.78350912221273,\n            \"longitude\": -122.49007120809986,\n            \"schedule\": \"http://bsm.sfdpw.org/PermitsTracker/reports/report.aspx?title=schedule&report=rptSchedule&params=permit=23MFF-00042&ExportPDF=1&Filename=23MFF-00042_schedule.pdf\",\n            \"dayshours\": null,\n            \"noi_sent\": null,\n            \"approved\": \"11/13/2023 12:00:00 AM\",\n            \"received\": 20231108,\n            \"prior_permit\": 1,\n            \"expiration_date\": \"11/15/2024 12:00:00 AM\",\n            \"location\": \"(37.78350912221273, -122.49007120809986)\",\n            \"fire_prevention_districts\": 11,\n            \"police_districts\": 6,\n            \"supervisor_districts\": 2,\n            \"zip_codes\": 55,\n            \"neighborhoods_old\": 26\n        },\n        {\n            \"id\": 62,\n            \"closest_distance\": \"6968.98410377 m\",\n            \"location_id\": 1723812,\n            \"applicant\": \"Natan's Catering\",\n            \"facility_type\": \"Truck\",\n            \"cnn\": 2157202,\n            \"location_description\": \"ALEMANY BLVD: FOLSOM ST to ELLSWORTH ST \\\\ I-280 S OFF RAMP \\\\ I-280 S ON RAMP (400 - 498) -- NORTH --\",\n            \"address\": \"400 ALEMANY BLVD\",\n            \"blocklot\": \"5843024\",\n            \"block\": \"5843\",\n            \"lot\": \"024\",\n            \"permit\": \"23MFF-00006\",\n            \"status\": \"APPROVED\",\n            \"foodItems\": \"Burgers: melts: hot dogs: burritos:sandwiches: fries: onion rings: drinks\",\n            \"x\": 6008042.13742,\n            \"y\": 2095078.99168,\n            \"latitude\": 37.73314239514255,\n            \"longitude\": -122.41456863241858,\n            \"schedule\": \"http://bsm.sfdpw.org/PermitsTracker/reports/report.aspx?title=schedule&report=rptSchedule&params=permit=23MFF-00006&ExportPDF=1&Filename=23MFF-00006_schedule.pdf\",\n            \"dayshours\": null,\n            \"noi_sent\": null,\n            \"approved\": \"09/12/2023 12:00:00 AM\",\n            \"received\": 20230911,\n            \"prior_permit\": 1,\n            \"expiration_date\": \"11/15/2024 12:00:00 AM\",\n            \"location\": \"(37.73314239514255, -122.41456863241858)\",\n            \"fire_prevention_districts\": 2,\n            \"police_districts\": 7,\n            \"supervisor_districts\": 7,\n            \"zip_codes\": 28859,\n            \"neighborhoods_old\": 2\n        },\n        {\n            \"id\": 430,\n            \"closest_distance\": \"7265.95831262 m\",\n            \"location_id\": 1660642,\n            \"applicant\": \"The Geez Freeze\",\n            \"facility_type\": \"Truck\",\n            \"cnn\": 887000,\n            \"location_description\": \"18TH ST: DOLORES ST to CHURCH ST (3700 - 3799)\",\n            \"address\": \"3750 18TH ST\",\n            \"blocklot\": \"3579006\",\n            \"block\": \"3579\",\n            \"lot\": \"006\",\n            \"permit\": \"22MFF-00086\",\n            \"status\": \"EXPIRED\",\n            \"foodItems\": \"Snow Cones: Soft Serve Ice Cream & Frozen Virgin Daiquiris\",\n            \"x\": 6004575.869,\n            \"y\": 2105666.974,\n            \"latitude\": 37.76201920035647,\n            \"longitude\": -122.42730642251331,\n            \"schedule\": \"http://bsm.sfdpw.org/PermitsTracker/reports/report.aspx?title=schedule&report=rptSchedule&params=permit=22MFF-00086&ExportPDF=1&Filename=22MFF-00086_schedule.pdf\",\n            \"dayshours\": null,\n            \"noi_sent\": null,\n            \"approved\": \"11/21/2022 12:00:00 AM\",\n            \"received\": 20221121,\n            \"prior_permit\": 0,\n            \"expiration_date\": \"11/15/2023 12:00:00 AM\",\n            \"location\": \"(37.76201920035647, -122.42730642251331)\",\n            \"fire_prevention_districts\": 8,\n            \"police_districts\": 4,\n            \"supervisor_districts\": 5,\n            \"zip_codes\": 28862,\n            \"neighborhoods_old\": 3\n        },\n        {\n            \"id\": 164,\n            \"closest_distance\": \"7311.02094974 m\",\n            \"location_id\": 1163787,\n            \"applicant\": \"SOHOMEI, LLC\",\n            \"facility_type\": \"Truck\",\n            \"cnn\": 8848000,\n            \"location_description\": \"MASONIC AVE: MCALLISTER ST to FULTON ST (500 - 599)\",\n            \"address\": \"500 MASONIC AVE\",\n            \"blocklot\": \"1175018\",\n            \"block\": \"1175\",\n            \"lot\": \"018\",\n            \"permit\": \"18MFF-0028\",\n            \"status\": \"REQUESTED\",\n            \"foodItems\": \"COLD TRUCK. Deli: bbq chicken skewer: Chinese spring roll: Chinese fried rice/noodle: fried chicken leg/wing: bbq chicken sandwich: chicken cheese burger: burrito: lumpia. Snack: sunflower seeds: muffins: chips: snickers: kit-kat: 10 types of chocolate. Drinks: Coke: 7-Up: Dr. Pepper: Pepsi: Redbull: Vitamin Water: Rockstar: Coconut Juice: Water. Hot drinks: coffee: tea.\",\n            \"x\": 5999194.35773,\n            \"y\": 2111070.4801,\n            \"latitude\": 37.77655004281911,\n            \"longitude\": -122.44630763555782,\n            \"schedule\": \"http://bsm.sfdpw.org/PermitsTracker/reports/report.aspx?title=schedule&report=rptSchedule&params=permit=18MFF-0028&ExportPDF=1&Filename=18MFF-0028_schedule.pdf\",\n            \"dayshours\": \"Mo-Fr:6AM-7AM/11AM-12PM\",\n            \"noi_sent\": null,\n            \"approved\": null,\n            \"received\": 20180521,\n            \"prior_permit\": 1,\n            \"expiration_date\": \"07/15/2019 12:00:00 AM\",\n            \"location\": \"(37.77655004281911, -122.44630763555782)\",\n            \"fire_prevention_districts\": 15,\n            \"police_districts\": 5,\n            \"supervisor_districts\": 11,\n            \"zip_codes\": 29492,\n            \"neighborhoods_old\": 16\n        }\n    ]\n}"
						}
					]
				}
			]
		}
	]
}